{
  "archivos": {
    "Chat de WhatsApp con GRUPO N23 MAYORISTA PM IMPORTADOS.txt": {
      "mtime": 1782501073.7816367,
      "size": 144743
    },
    "chat_proveedor.txt": {
      "mtime": 1782256699.5003405,
      "size": 293
    }
  }
}